{"cameraMode":{"drawMode":0,"name":"Shaded","section":"Shading Mode"},"sceneLighting":true,"audioPlay":false,"sceneViewState":{"m_AlwaysRefresh":false,"showFog":true,"showSkybox":true,"showFlares":true,"showImageEffects":true,"showParticleSystems":true,"showVisualEffectGraphs":true,"m_FxEnabled":true},"in2DMode":false,"pivot":{"x":-0.41405510902404787,"y":0.1751691699028015,"z":0.3611617088317871},"rotation":{"x":0.15576547384262086,"y":-0.13116750121116639,"z":0.020549317821860315,"w":0.9785706400871277},"size":0.8660253882408142,"orthographic":false}