{"cameraMode":{"drawMode":0,"name":"Shaded","section":"Shading Mode"},"sceneLighting":false,"audioPlay":false,"sceneViewState":{"m_AlwaysRefresh":false,"showFog":true,"showSkybox":false,"showFlares":true,"showImageEffects":true,"showParticleSystems":true,"showVisualEffectGraphs":true,"m_FxEnabled":true},"in2DMode":false,"pivot":{"x":125.90784454345703,"y":36.84370422363281,"z":-140.34417724609376},"rotation":{"x":0.026152746751904489,"y":0.5620032548904419,"z":-0.018086958676576616,"w":0.8262577056884766},"size":164.17161560058595,"orthographic":false}